Title,Company,Posted on,Location,Experience,Skills
Python Developer,ORACLE,2025-09-23,Hyderabad,2-5 Years,"python development, software architecture, agile methodologies, web frameworks, problem solving, css, software engineering, html, oracle, javascript, git, debugging, cloud computing, django"
Python Developer,"o9 Solutions, Inc.",2025-09-22,Netherlands,3-6 Years,"software engineering, database management, machine learning, cloud infrastructure, agile methodologies, hive, sql, hadoop, mongodb, python, telerik, team player, javascript"
Python Developer,Bright Vision Technologies,2025-09-22,Chennai,1-5 Years,"python programming, software development, testing and debugging, database management, version control, css, sql, git, html, software engineering, javascript, django, web technologies, it professional"
Python Developer,CONNECTING 2 WORK,2025-09-21,Bengaluru,5-8 Years,"python, css, github, hosting, bug fixing, bootstrap, javascript, jquery, django, heroku, json, html, api"
Python Developer,CONNECTING 2 WORK,2025-09-21,Cochin,2-5 Years,"python, storage, sql, security, database, django, git, postgresql, oops, debugging, mysql, api"
Python Developer,CONNECTING 2 WORK,2025-09-21,Bengaluru,0-3 Years,"python, cache, rest api, storage, javascript, react.js, database, django, apache, postgresql, web technologies, .net, web development, mysql, angularjs"
Python Developer,AxisTechnolabs,2025-09-20,Ahmedabad,0-1 Years,"python, css, user interaction, bootstrap, openerp, database, xml, oops, html"
Python Developers,botree technologies,2025-09-20,Ahmedabad,3-6 Years,"security compliance, python, html5, svn, javascript, database, django, git, web developer, debugging"
Python Developer,highrise solutions llp,2025-09-20,Pune,4-7 Years,"python 3.x, django, linux, mysql, microservices, rest api, docker, java, postgresql, software engineer, middleware, team player, messaging"
Python Developer,ADROIT LEARNING AND MANPOWER PVT LTD,2025-09-20,Ahmedabad,0-5 Years,"rest api, sql, database, security, devops, rest, python, tornado, javascript, django, infrastructure"
Python Developer,SEVEN CONSULTANCY,2025-09-20,Surat,9-12 Years,"python programming, programming language, front-end developer"
Python Developer,Techasoft Pvt Ltd,2025-09-20,Bengaluru,0-3 Years,"python, javascript, docker, django, postgresql, oops, mysql, mongodb, opencv"
Python Developer,realizer technologies,2025-09-19,Pune,0-3 Years,"testing, software development life cycle, agile"
Python Developer,SEVEN CONSULTANCY,2025-09-19,Navi,4-7 Years,"python, mvc, sql"
Python Developer,acquiscent technologies pvt. ltd.,2025-09-19,Pune,1-5 Years,"python, machine learning, javascript, nosql, java, django, linux, web application server, mysql"
Python Developer,geekyworks,2025-09-19,Pune,2-3 Years,"html5, bootstrap, ajax, git, apache, xml, debugging, mysql, api, rest, python, nosql, django"
Python Developer,CGI Information Systems and Management Consultants Pvt Ltd,2025-09-19,Portugal,1-5 Years,"python development, application maintenance, quality compliance, it solution consistency, security standards"
Python Developer,CGI Information Systems and Management Consultants Pvt Ltd,2025-09-13,Houston,3-6 Years,"python scripting, shell scripting, ci/cd integration, cloud platforms, data pipelines, cgi, docker, git, devops, linux, github, infrastructure, unix"
Python Developer,pando,2025-09-12,Chennai,2-3 Years,"python development, django framework, sql database design, data processing pipelines, application optimization, storage, system architecture"
Python Developer,NuageBiz.Tech,2025-09-11,Noida,2-5 Years,"python, mobile, team player, svn, security, git, software engineering"
Python Developer,klizos solutions pvt ltd,2025-09-10,Kolkata,3-6 Years,"c, css, soa, compilers, java, mysql, data structures, html, c#, python, github, mvc architecture, javascript, nosql, visual studio, unix, fundamentals, algorithms, software design, git, debugging, mvc, mongodb, crm, c, mobile, machine learning, windows, identity management, django, opencv"
Python Developer,Analytics Vidhya,2025-09-07,Hyderabad,2-4 Years,"python, css, html5, javascript, sql, django, linux, mysql, html, unix"
Python Developer,speqto technologies pvt ltd,2025-09-23,Noida,2-3 Years,"c, python, github, c, rest api, database, postgresql, debugging, data structures"
Python Developer,Bright Vision Technologies,2025-09-22,Bengaluru,1-5 Years,"python programming, software development, database management, web technologies, problem solving, css, sql, git, debugging, html, software engineering, javascript, django, it professional"
Python Developer,Bright Vision Technologies,2025-09-22,Chennai,2-5 Years,"python programming, software development, database management, version control (git), problem solving, css, sql, debugging, html, software engineering, javascript, django, web technologies, it professional"
Python Developer,Bright Vision Technologies,2025-09-22,Delhi,2-5 Years,"python programming, software development, database management, api integration, version control, css, sql, git, debugging, html, software engineering, javascript, django, web technologies, it professional"
Python Developer,Bright Vision Technologies,2025-09-22,Hyderabad,3-5 Years,"python programming, software development, database management, web technologies, version control, css, sql, git, debugging, html, software engineering, javascript, django, it professional"
Python Developer,FINITE HR CONSUTING PVT LTD,2025-09-21,Hyderabad,4-7 Years,"python, github, mobile, problem solving, team player, ruby, java, cassandra, php"
Python Developer,Drawsera,2025-09-21,Mumbai,1-5 Years,"css, ajax, jquery, sql, database, postgresql, mysql, html, mvc, python, javascript, django"
Python Developer,HARMAN INTERNATIONAL,2025-09-21,Bengaluru,3-6 Years,"python programming, django framework, database management, api development, testing frameworks, docker, git, debugging, rest, cloud services"
Python Developer,CONNECTING 2 WORK,2025-09-21,Cochin,0-3 Years,"security compliance, python, html5, mobile, javascript, database, django, debugging"
Python Developer,Ctd Techs Private Limited,2025-09-21,Chennai,3-5 Years,"html5, storage, artificial intelligence, security, testing tools, debugging, python, javascript, django"
Python Developer,Mind Digital Group,2025-09-21,Delhi,2-5 Years,"algorithms, css, bootstrap, git, linux, html, shell scripting, data structures, pl/sql, solaris, python, rdbms, svn, javascript, django, php, unix/linux, unix"
Python Developer,CONNECTING 2 WORK,2025-09-21,Thiruvananthapuram,5-10 Years,"python, storage, django, testing tools, debugging"
PYTHON DEVELOPER,CONNECTING 2 WORK,2025-09-21,Bengaluru,5-8 Years,"python, css, github, hosting, bug fixing, bootstrap, javascript, jquery, django, heroku, json, html, api"
Python Developer,CONNECTING 2 WORK,2025-09-21,Thiruvananthapuram,5-6 Years,"python, css, bug fixing, bootstrap, javascript, jquery, django, debugging, html, api"
Python Developer,cloudxlab,2025-09-21,Bengaluru,0-3 Years,"css, html5, jquery, git, linux, html, mysql, rest, python, github, problem solving, javascript, django, web hosting"
Python Developer,"pegasus knowledge solutions india pvt ltd.,",2025-09-20,Bengaluru,0-3 Years,"python, css, django, java, html, bootstrap, api, jquery, sql"
Python Developer,PNR Software Solutions Private Limited,2025-09-20,Hyderabad,3-6 Years,"python, github, telecom bss, django, devops, linux, debugging, telecom, api, unix"
Python Developer,v support solutions,2025-09-20,Chennai,2-5 Years,"rest, python, natural language processing, django, debugging, mysql, software developer, mongodb, soap"
